traits,coef_intercept,coef_gc_yes,deviance_explained,p_value
habitat,-1.1945223485143976,0.8189102035559159,20.15611540090549,0.001
life.history,-0.18562535916833972,0.3779972518157948,6.4914123159019255,0.057
morphology,0.8904730488482199,-0.306622290067339,8.832294749568064,0.036000000000000004
resource.acquisition,-0.2742790423244395,0.38868939350218357,10.870793251997839,0.02
survival,-2.891872133271485,0.822480927445152,7.303881248393736,0.041
