traits,coef_intercept,coef_pd_yes,deviance_explained,p_value
growth,-1.5928301760344705,0.7104409958359965,2.7043299640963596,0.464
habitat,-0.99205631560551355,0.9569649957942433,6.315397205250292,0.134
life.history,-0.10722296132056881,0.5011272470276573,2.3495609267806685,0.492
morphology,0.8449026496612471,-0.6858379550315595,6.620192015521297,0.134
survival,-2.7583366995325287,1.5882654468822743,9.592445200274483,0.04
