traits,coef_intercept,coef_pd_yes,deviance_explained,p_value
habitat,-0.8347976976229757,1.0943088931080605,9.080340292607843,0.047
morphology,0.8542815041344687,-0.6536108086723175,5.664922236066559,0.161
survival,-2.708050201102181,1.6094379124340712,9.847851535791676,0.026000000000000002
