traits,coef_intercept,coef_gc_yes,traits_sites_use..Global.Change.Driver.Exploitation,traits_sites_use..Global.Change.Driver.Global.Change.Broad,traits_sites_use..Global.Change.Driver.Global.Change.Multiple,traits_sites_use..Global.Change.Driver.Habitat.Degredation,traits_sites_use..Global.Change.Driver.Invasion,deviance_explained,p_value
brooding,-14.815510557850105,-1.1417652688273268e-10,-1.141697348714641e-10,-1.1416654429448663e-10,13.429216196730216,-1.141698684494294e-10,-1.1417188984331021e-10,10.342404883384743,0.997
exoskeleton,-14.815510557850105,-1.1417652688273268e-10,-1.141697348714641e-10,-1.1416654429448663e-10,13.429216196730216,-1.141698684494294e-10,-1.1417188984331021e-10,10.342404883384743,0.997
fecundity,-4.689511334421844,2.68803133421172,-10.12599922354243,-10.125999223542435,3.303216973301954,-10.125999223542433,1.1341632729324265,20.96561948104508,0.02
LDMC,-2.2735975561207935,-0.6441731759634848,-12.541913001843481,-12.541913001843481,-12.541913001843481,-0.7053275991168119,-1.2817505053686191,10.15354753486804,0.999
migration,-14.815510557756415,11.204592645112191,-2.0786144641904622e-10,-2.0786338130807556e-10,13.429216196636524,10.737973113850693,-2.0786736890458317e-10,14.60680364952496,0.449
