traits,coef_intercept,coef_gc_yes,deviance_explained,p_value
habitat,-1.0375245966882922,0.8498410967529517,23.086047169635776,0.001
morphology,0.9147146874186748,-0.39008109068634766,13.241665402188573,0.006
resource.acquisition,-0.3578004364604612,0.3470476446841994,8.023337967989846,0.049
